ABL,MCB,ABOT,AICL,AGP,AGIL,ARPL,AKBL,ATLH,APL,ATRL,BAHL,BAFL,BNWM,BWCL,BYCO,CHCC,COLG,DGKC,DAWH,DCR,EFUG,ENGRO,EFERT,EFOODS,EPCL,FATIMA,FCCL,FFC,FFBL,FABL,FHAM,GADT,GHGL,GLAXO,GSKCH,GATM,HBL,HMB,HASCOL,HCAR,IBFL,ICI,IGIHL,INDU,INIL,ISL,JLICL,KEL,KOHC,KTML,KAPCO,LOTCHEM,LUCK,MLCF,MARI,MEBL,MTL,MUREB,NBP,NATF,NRL,NESTLE,NCL,NCPL,NML,OGDC,OLPL,PKGS,PAEL,PSMC,PTC,POL,PPL,PSO,PSX,PAKT,PMPK,PIOC,SPWL,SRVI,SHEL,SHFA,SCBPL,SNGP,SSGC,SYS,THALL,BOP,HUBC,SEARL,UBL
ALLIED BANK - TOT RETURN IND,MCB BANK - TOT RETURN IND,ABBOTT LABS.(PAK.) - TOT RETURN IND,ADAMJEE INSURANCE COMPANY - TOT RETURN IND,AGP - TOT RETURN IND,AGRIAUTO INDUSTRIES - TOT RETURN IND,ARCHROMA PAKISTAN - TOT RETURN IND,ASKARI BANK - TOT RETURN IND,ATLAS HONDA - TOT RETURN IND,ATTOCK PETROLEUM - TOT RETURN IND,ATTOCK REFINERY - TOT RETURN IND,BANK AL HABIB - TOT RETURN IND,BANK AL-FALAH LIMITED - TOT RETURN IND,BANNU WOOLLEN MILLS - TOT RETURN IND,BESTWAY CEMENT - TOT RETURN IND,BYCO PETROLEUM PAKISTAN - TOT RETURN IND,CHERAT CEMENT COMPANY - TOT RETURN IND,COLGATE-PALMOLIVE PAKISTAN - TOT RETURN IND,D G KHAN CEMENT COMPANY - TOT RETURN IND,DAWOOD HRC.CHEMS.CORP. - TOT RETURN IND,DOLMEN CITY - TOT RETURN IND,EFU GENERAL INSURANCE - TOT RETURN IND,ENGRO - TOT RETURN IND,ENGRO FERTILIZERS - TOT RETURN IND,ENGRO FOODS - TOT RETURN IND,ENGRO POLYMER & CHEMICALS - TOT RETURN IND,FATIMA FERTILIZER - TOT RETURN IND,FAUJI CEMENT COMPANY - TOT RETURN IND,FAUJI FERTILIZER COMPANY - TOT RETURN IND,FAUJI FTLZ.BIN QASIM - TOT RETURN IND,FAYSAL BANK - TOT RETURN IND,FIRST HABIB MODARABA - TOT RETURN IND,GADOON TEXTILE MILLS - TOT RETURN IND,GHANI GLASS - TOT RETURN IND,GLAXOSMITHKLINE PAK. - TOT RETURN IND,GLXSK.CSM.HLTHCR. PAK. - TOT RETURN IND,GUL AHMED TEXTILE MILLS - TOT RETURN IND,HABIB BANK - TOT RETURN IND,HABIB METROPOLITAN BANK - TOT RETURN IND,HASCOL PETROLEUM - TOT RETURN IND,HONDA ATLAS CARS (PAKISTAN) - TOT RETURN IND,IBRAHIM FIBRES - TOT RETURN IND,ICI PAKISTAN - TOT RETURN IND,IGI HOLDINGS - TOT RETURN IND,INDUS MOTOR COMPANY - TOT RETURN IND,INTERNATIONAL INDS. - TOT RETURN IND,INTERNATIONAL STEELS - TOT RETURN IND,JUBILEE LIFE INSURANCE COMPANY - TOT RETURN IND,KARACHI ELECTRIC SUPP. - TOT RETURN IND,KOHAT CEMENT COMPANY - TOT RETURN IND,KOHINOOR TEXTILE MILLS - TOT RETURN IND,KOT ADDU POWER COMPANY - TOT RETURN IND,LOTTE CHEMICAL PAKISTAN - TOT RETURN IND,LUCKY CEMENT - TOT RETURN IND,MAPLE LEAF CEMENT FACTORY - TOT RETURN IND,MARI PETROLEUM COMPANY - TOT RETURN IND,MEEZAN BANK - TOT RETURN IND,MILLAT TRACTORS - TOT RETURN IND,MURREE BREWERY COMPANY - TOT RETURN IND,NAT.BANK OF PAKISTAN - TOT RETURN IND,NATIONAL FOODS - TOT RETURN IND,NATIONAL REFINERY - TOT RETURN IND,NESTLE PAKISTAN - TOT RETURN IND,NISHAT CHUNIAN - TOT RETURN IND,NISHAT CHUNIAN POWER - TOT RETURN IND,NISHAT MILLS - TOT RETURN IND,OIL & GAS DEVELOPMENT COMPANY - TOT RETURN IND,ORIX LEASING PAKISTAN - TOT RETURN IND,PACKAGES - TOT RETURN IND,PAK ELEKTRON - TOT RETURN IND,PAK SUZUKI MOTOR - TOT RETURN IND,PAK.TELECM.CO. - TOT RETURN IND,PAKISTAN OIL FIELDS - TOT RETURN IND,PAKISTAN PETROLEUM - TOT RETURN IND,PAKISTAN STATE OIL COMPANY - TOT RETURN IND,PAKISTAN STOCK EXCHANGE LTD. - TOT RETURN IND,PAKISTAN TOBACCO COMPANY - TOT RETURN IND,PHILIP MORRIS PAKISTAN - TOT RETURN IND,PIONEER CEMENT - TOT RETURN IND,SAIF POWER - TOT RETURN IND,SERVICE INDUSTRIES - TOT RETURN IND,SHELL PAKISTAN - TOT RETURN IND,SHIFU INTL HOSPITAL - TOT RETURN IND,STANDARD CHARTERED BANK (PAKISTAN) - TOT RETURN IND,SUI NORTHERN GAS PIPELINES - TOT RETURN IND,SUI SOUTHERN GAS COMPANY - TOT RETURN IND,SYSTEMS - TOT RETURN IND,THAL - TOT RETURN IND,THE BANK OF PUNJAB - TOT RETURN IND,THE HUB POWER COMPANY - TOT RETURN IND,THE SEARLE COMPANY - TOT RETURN IND,UNITED BANK - TOT RETURN IND
1483,5736,9873,1811,89,11608,26090,4522,51249,6314,1666,19615,1334,2111,2822,124,1567,48792,364,10029,165,9915,13466,403,280,379,337,392,13219,955,960,10311,982,74416,2120,379,12402,180,5051,462,11342,2327,2669,13734,27562,27860,450,4758,26,18432,1895,533,469,14076,88,45699,14716,306912,31195,4057,178333,919,28832,11760,589,7337,611,728,10055,240,1015,105,21094,3827,5923,59,30861,288379,147,92,5682,5830,12870,89,916,418,282,212273,229,6600,8756,1176
1502,5771,10079,1855,84,11596,26021,4446,50235,6301,1700,20135,1333,2133,2788,118,1523,46110,315,10240,165,9970,12838,393,289,393,331,391,13394,986,962,10656,989,77560,1971,392,11819,190,4973,469,12769,2432,2668,14511,27446,27888,469,4713,25,17157,1927,505,437,13391,75,45169,14816,312208,30178,4131,184003,996,30460,11871,587,7507,629,735,10027,234,903,101,21051,3839,6320,55,30638,303210,174,92,5636,5576,11997,91,865,402,283,220207,231,6542,8351,1175
1488,5538,9783,1853,84,11597,24830,4472,48578,6334,1609,20641,1306,2073,2652,126,1452,45809,324,10279,168,9487,12062,388,292,402,313,390,13531,962,956,10567,1027,76754,2107,412,11632,189,5038,455,11683,2323,2764,13896,26601,28161,499,4705,25,18136,1811,531,427,13312,77,47261,14808,317708,28735,4082,188945,1068,29965,11425,591,7642,630,695,10387,241,984,105,21179,3918,6387,48,30639,305491,189,96,5601,5842,12011,88,825,400,285,213281,226,6398,8542,1202
1492,5419,10217,1819,74,11564,26179,4457,47517,6281,1546,20353,1333,2049,2693,128,1408,46310,358,10518,168,9617,11062,382,281,405,298,384,13630,935,962,10755,1018,76280,2057,463,11146,194,4932,435,12363,2262,2867,13485,25331,26860,524,5123,23,19132,1762,504,417,13852,75,47410,14803,325951,27608,3982,190694,967,30106,11114,599,7793,641,701,10386,231,810,102,21079,3966,6054,50,31055,318005,191,95,5832,5603,12155,90,805,387,297,222013,221,6312,8475,1242
1490,5293,10253,1735,75,11913,27726,4318,46922,6386,1455,20562,1362,2044,2788,129,1569,44765,346,10310,164,9095,10285,403,277,390,280,365,13680,1020,958,10654,1054,77478,2073,444,10606,198,5011,423,12423,2468,2816,13458,24762,25003,496,5174,23,20200,1803,489,421,13639,73,46792,14995,344158,27558,3950,194275,933,30203,11490,571,7592,627,708,10347,229,733,100,20983,3919,5624,51,30953,319910,178,97,5971,5614,12979,89,773,402,304,226497,222,6553,8464,1216
1543,5178,10207,1640,76,11882,27216,4392,47793,5846,1438,21056,1367,2048,2923,133,1564,44247,350,10620,166,8581,9538,409,269,413,281,413,13980,1028,911,10588,1044,76178,2140,428,10078,203,5233,445,10934,2417,2942,13991,26576,24793,457,5278,23,19308,1786,474,447,14453,73,46516,15071,360699,26651,3860,196420,969,27847,11169,603,7706,632,722,10481,212,680,100,21003,3802,5606,52,29897,321599,188,98,6134,5104,12551,86,776,367,307,225988,212,6526,8599,1206
1567,5318,10517,1584,79,11973,26310,4383,44831,5818,1362,20751,1324,2065,2845,136,1743,44891,335,10437,166,8044,9150,410,267,438,269,419,14084,1042,923,10640,1088,70607,2028,427,9786,202,5054,418,11904,2403,3100,14419,28932,22699,475,4926,23,19273,1752,451,408,15292,73,46772,15592,356180,25755,3785,194964,1139,27290,10708,595,8008,624,704,10548,216,571,101,20978,3689,5842,53,29481,311414,200,100,6379,4232,11680,88,821,432,306,212790,191,6510,8545,1222
1581,5249,11128,1597,86,12068,27817,4424,45925,5649,1426,20381,1348,2055,2800,141,1811,41586,329,10575,169,7667,7255,411,282,432,265,376,13649,1018,921,10641,1099,66890,2032,418,9368,201,5278,442,13309,2407,3213,14245,29427,22694,467,4833,22,18235,1728,437,389,15251,72,47167,15883,377110,25110,3689,195647,1268,27315,10250,621,7857,638,686,10520,208,681,101,20565,3585,6125,54,29787,313417,183,102,6411,3926,11330,85,769,430,302,231343,181,6447,8571,1303
1561,5075,11320,1567,82,11544,28810,4445,46527,5566,1428,21374,1388,2139,2732,134,1942,44597,333,11242,166,7505,6477,414,272,431,248,356,13661,1084,950,10736,1099,66403,1860,422,9119,215,5169,503,13386,2460,3076,14084,29609,20205,428,4717,21,17694,1751,453,374,15886,73,46477,16170,376485,24163,3775,199296,1271,25643,10623,602,7682,637,693,10207,208,795,103,20871,3578,5800,54,29417,284502,152,104,6617,3857,11018,86,809,459,300,240834,191,6115,8686,1233
1522,4978,11610,1538,76,11197,27807,4325,46561,5080,1596,21808,1366,2055,2782,116,1738,42247,342,11032,163,6795,5702,422,258,427,247,318,14070,1076,975,10812,1126,68809,1797,435,8711,212,5265,541,12365,2413,2998,13398,30519,18640,422,4624,21,17394,1738,420,373,16738,62,46620,16058,381861,23285,3780,201801,1223,25233,10406,567,7821,641,678,10282,187,908,98,20622,3561,5749,54,30202,294019,149,100,6820,3883,10801,83,818,473,300,242087,185,5761,8565,1250
1537,4899,12387,1507,67,11191,28803,4164,45576,5119,1508,21720,1355,2059,2801,119,1552,41726,310,11470,163,6292,4478,416,259,430,229,302,14061,1095,913,10930,1146,67662,1703,455,8341,210,5309,548,13287,2483,3159,14303,31065,15157,447,4622,21,18120,1693,428,365,16669,61,47298,16648,387976,22521,3773,203734,1099,25858,10063,587,8073,642,649,10278,194,878,100,19579,3572,5926,52,30399,287159,165,97,7066,3539,10264,82,767,451,296,236204,169,5659,8740,1320
1572,4864,12751,1541,72,11330,30298,4343,43514,5349,1517,21870,1421,1998,2709,129,1640,43939,367,11924,165,5946,3492,399,260,404,235,303,13923,1025,901,10693,1206,64026,1587,468,7924,203,5367,544,12300,2440,3323,14969,29793,15392,416,4971,20,19103,1629,421,352,17504,58,45882,17288,375403,21622,3692,207280,1053,26219,10293,579,7993,652,668,10721,180,740,99,19364,3476,6326,51,31121,306016,147,93,7409,3524,10189,83,689,437,297,244653,151,5568,8169,1334
1630,4708,13328,1509,68,11401,30898,4316,44489,5425,1240,22281,1340,1998,2662,131,1570,40543,385,11576,163,5810,2745,395,242,398,235,281,13658,1020,887,10818,1225,60123,1667,441,7532,212,5337,567,11674,2398,3294,14955,29331,15054,395,5172,20,19708,1484,395,332,17955,61,45769,18048,388676,20323,3692,208148,1193,27961,9819,623,7755,657,630,10836,181,767,103,19957,3531,6230,48,32760,299694,125,95,7599,3527,11110,80,710,472,296,245627,150,5377,8050,1392
1647,4626,13544,1445,69,11890,31356,4585,46568,5589,1219,22465,1375,1929,2712,135,1475,42682,397,11427,169,5070,1805,385,235,405,215,302,14146,1080,884,10815,1286,60336,1638,396,7275,223,5303,573,12737,2558,3181,14880,30083,18542,415,5136,20,19979,1459,398,333,17968,66,46090,17910,401329,19737,3769,211363,1313,27405,9566,597,7994,663,610,10242,188,800,99,20157,3639,6230,53,33094,302209,115,97,7833,3407,11195,83,643,428,300,244419,136,5582,7970,1377
1640,4512,13848,1382,71,11950,32878,4533,45763,5413,1123,22351,1446,1871,2874,126,1520,41506,401,11520,172,5061,1143,403,239,426,209,289,14365,1087,877,10743,1321,61069,1587,397,6910,221,5354,557,13586,2579,3178,14792,28897,18133,437,5006,20,20016,1495,423,321,18458,70,44893,17804,399523,19001,3578,216327,1348,26065,9604,591,8039,654,598,10382,216,816,99,19526,3600,6148,54,33232,295777,122,101,8165,3016,11015,83,641,433,310,252750,129,5686,7804,1416
1651,4454,14127,1378,69,11781,33640,4500,43725,5483,1222,22576,1443,1959,2790,128,1554,38311,390,11627,171,4532,552,404,261,455,192,258,14313,1096,878,10828,1356,61075,1538,394,6299,223,5249,547,12594,2411,3237,15278,27966,20936,407,4395,19,19378,1525,399,325,17570,67,44886,18446,407519,17622,3528,217974,1330,25248,9348,600,7908,663,553,10291,199,851,96,19491,3563,6283,53,33974,308524,132,98,8580,2756,10263,79,640,469,310,261238,121,5573,8234,1492
1660,4523,14679,1370,68,11951,31916,4531,42630,5224,1344,22547,1420,1874,2729,137,1567,42111,376,11608,174,4161,-57,400,256,456,177,274,14320,1111,838,10771,1369,59576,1616,402,5798,235,5419,561,12919,2472,3357,15038,27620,20888,436,4077,17,19733,1460,372,325,18533,67,46513,18632,413270,17474,3634,221237,1289,24662,8955,605,7891,670,562,10346,201,815,96,19812,3437,6055,54,34569,292984,119,92,8887,2224,9830,80,676,469,298,257283,120,5628,8090,1488
1655,4410,15151,1353,70,12177,32543,4492,41912,5099,1473,23106,1448,1774,2769,134,1504,39821,390,11564,174,3949,-689,396,241,437,157,292,14413,1224,841,10739,1399,51898,1650,402,5498,246,5457,600,12976,2525,3255,15557,28834,20762,429,4222,17,19781,1426,368,306,20087,73,46082,18523,424819,16441,3591,224687,1225,24731,9089,588,8208,660,527,10644,185,872,93,20190,3382,6088,54,33577,296911,122,87,9187,2100,9190,77,715,461,296,265708,108,5466,8093,1499
1626,4246,15703,1300,69,11725,35231,4370,42392,4674,1200,22824,1446,1892,2893,137,1624,41898,406,11919,172,3439,-955,419,240,429,153,299,14585,1213,788,10698,1391,50979,1564,434,5406,248,5382,646,11364,2540,3235,15463,30333,19391,405,4705,17,19745,1447,349,334,19013,71,45501,18382,440828,16186,3510,229743,1278,23859,9326,582,8029,663,553,10255,189,966,95,20539,3419,6184,51,33011,289509,145,88,9679,1887,8684,77,727,476,298,275107,103,5385,8103,1486
1651,4162,16141,1262,65,12213,36103,4555,41102,4576,1267,22969,1438,1891,2990,142,1824,41577,415,12453,171,3458,-836,418,263,449,153,322,14555,1242,814,10807,1472,51525,1551,418,5304,245,5388,673,11491,2577,3169,15210,29885,21323,420,4819,17,19983,1400,350,351,19523,71,45875,19135,440234,16268,3418,229797,1344,24101,9035,585,7915,661,527,10415,185,780,92,20254,3362,6075,53,34488,284697,140,87,10089,1492,8822,76,678,442,294,271863,96,5473,7931,1443
1629,4149,16341,1246,70,12302,34878,4525,41072,4220,977,23255,1444,1867,2871,145,1868,37628,438,12262,168,3377,-1407,413,267,467,146,296,14702,1250,813,10614,1489,49610,1366,389,5439,242,5441,663,12493,2609,3157,15151,32534,21513,439,5132,16,20530,1448,347,352,20478,66,46243,19110,440374,16100,3480,235021,1437,24638,8944,606,7970,647,534,10203,194,770,97,20321,3387,5855,52,33661,279263,135,91,10595,1287,9120,74,719,468,301,268655,87,5529,7715,1524
1660,4128,17073,1166,71,12516,35512,4559,42598,4320,1285,23016,1494,1842,2763,149,1976,39848,445,12692,165,3139,-1463,408,263,449,144,309,14374,1316,825,10696,1536,49105,1260,370,5441,249,5491,696,12796,2521,3291,15341,34149,21045,379,5321,16,20466,1395,343,363,20817,66,45205,19447,446540,15505,3445,239159,1469,24085,9430,586,8137,638,504,10495,179,645,93,20071,3255,6160,48,33765,288257,138,87,10629,1165,8814,76,678,482,293,278871,89,5377,7741,1547
1636,3877,17425,1179,67,12345,38650,4664,43664,4271,1315,23072,1456,1966,2711,139,2035,39461,418,12887,169,2693,-755,414,257,436,147,261,14071,1267,765,10655,1567,50400,1174,380,5695,255,5551,775,12390,2556,3469,15507,32830,18545,401,5191,15,20117,1396,329,372,21293,61,45845,19712,441142,15848,3411,243232,1382,23311,9659,564,8251,663,477,10519,186,654,98,20036,3180,6616,48,33197,288255,149,84,11081,984,8646,74,701,491,287,288018,86,5211,7402,1580
1685,3737,17907,1171,61,12608,37767,4709,40580,4345,1551,23245,1443,1891,2904,132,1983,38930,442,12563,171,2726,103,418,259,433,143,212,14870,1241,781,10800,1615,47453,895,415,5922,253,5558,813,13213,2662,3563,15406,31233,16300,385,5081,14,21283,1345,331,362,21676,55,47625,19952,434723,15764,3357,247568,1407,24076,9085,535,8270,660,499,10491,169,742,95,20047,3153,6841,49,33212,291551,142,84,11684,1197,8693,75,684,492,291,287798,81,4982,8101,1600
1688,3819,17924,1199,57,12819,36854,4721,41294,4288,1307,23549,1513,1853,2945,144,1907,36772,420,12686,173,2440,1455,423,242,448,137,218,14529,1284,729,10713,1641,47785,998,429,6568,268,5513,835,12227,2638,3461,15744,31594,15160,356,4657,13,22458,1386,318,348,22193,55,46145,20748,416316,15770,3496,253201,1457,22463,9173,571,8324,662,481,10436,170,712,96,20188,3234,6585,44,33996,281741,162,89,12208,1829,9621,74,618,495,292,290593,67,4855,7731,1625
1715,3714,18156,1214,59,12806,39819,4667,39727,4111,1309,23353,1525,1860,2779,140,1922,36624,464,12945,174,2257,2860,423,258,446,141,216,14164,1303,766,10824,1683,48332,951,394,6764,275,5581,816,12251,2581,3444,15419,31659,15734,373,4239,14,22383,1401,314,369,23030,56,46457,21407,401559,16067,3450,254002,1513,21653,9492,559,8949,656,491,10483,173,741,96,19444,3186,6321,44,34403,280538,150,91,12252,1676,8966,71,573,437,296,301803,72,4847,7947,1722
1718,3689,18603,1190,60,13149,40627,4592,38624,4278,1077,23601,1470,1801,2746,145,1807,36019,477,12699,177,2166,4735,423,251,444,140,216,14550,1323,750,10646,1747,49849,1097,364,7193,289,5779,866,13241,2568,3694,15709,31862,17030,370,3999,13,22415,1342,318,348,23003,57,46850,21409,403128,16044,3374,256442,1541,22531,8992,553,9110,671,469,10571,193,744,98,19286,3270,6233,44,33267,276931,125,96,12340,1695,8579,72,620,462,291,297947,67,4999,7902,1680
1731,3494,18841,1114,65,13549,37774,4643,39109,4311,1141,23548,1506,1778,2860,149,1828,37884,500,12801,176,2160,6643,412,260,468,132,262,15074,1297,762,10645,1784,50849,1143,385,7625,282,5787,902,13247,2623,3918,16170,32914,17864,338,4461,13,21478,1379,311,330,23757,62,47390,22034,409006,16255,3292,262400,1583,21584,8646,535,8822,675,475,10579,180,776,94,19733,3173,6480,43,34059,263502,114,91,12635,1456,8178,69,612,467,283,289728,55,4934,7611,1740
1708,3315,19357,1083,63,13401,38617,4714,38232,4551,1025,23576,1554,1678,2978,143,1837,35945,497,13322,175,1862,8034,415,268,477,133,242,14867,1363,726,10770,1841,48987,960,388,7850,294,5731,928,12903,2683,4071,16323,33930,17941,399,4818,13,21738,1378,285,312,24475,63,46443,22226,411122,17114,3284,270296,1544,22669,8507,521,8723,690,458,10476,185,764,96,19353,3240,6598,44,36108,260297,128,91,13072,1766,8382,69,678,474,282,302347,57,4956,7804,1764
1704,3296,19653,1030,63,13546,41772,4674,37638,4152,1354,23219,1513,1767,2956,150,1813,34912,499,13283,176,1860,10046,413,281,470,139,265,14654,1398,729,10637,1886,43062,1001,368,8096,297,5713,934,13229,2648,4061,16308,32725,15628,391,4806,13,21302,1399,284,302,24601,57,46789,22166,411602,17136,3190,274558,1562,22548,8445,537,8712,685,433,10574,177,760,93,18960,3145,6545,45,35576,275788,140,91,13587,1691,8938,67,657,486,286,310157,66,4873,7909,1718
1715,3107,20072,1005,61,13670,42642,4833,37665,4109,1409,23428,1501,1724,2852,148,1811,37150,468,13564,180,1856,11334,412,276,469,134,270,15005,1435,669,10660,1891,43935,947,376,8373,305,5672,942,13734,2648,4062,16130,33102,16111,387,4824,13,22493,1457,274,296,25000,51,48152,22464,419555,17944,3166,277490,1593,22623,8236,552,8357,675,430,10246,186,762,97,19127,2872,6359,44,35787,278181,133,95,13748,1817,9562,64,682,505,287,304526,68,4926,7480,1772
1732,2947,20545,968,65,13435,40872,4816,36215,3780,1556,23747,1528,1697,2859,146,1805,34864,480,13235,176,1576,13442,400,266,438,119,260,14939,1454,697,10714,1911,44519,831,381,8296,295,5913,994,12600,2640,4115,16235,33729,14960,378,4677,13,22580,1433,253,275,26015,52,47409,23699,424379,18319,3178,282293,1651,22077,8280,567,8291,684,406,10713,170,817,93,19687,2747,6365,45,37165,280684,130,99,14026,2136,9116,67,701,515,293,309684,54,4776,7860,1836
1746,2724,20969,947,64,13546,42079,4827,36703,3970,1502,23560,1560,1736,2880,155,1855,35555,527,13635,175,1261,14675,408,279,465,125,299,15054,1460,698,10789,1960,46517,760,376,8076,305,5856,1013,13263,2661,4294,16066,33528,15367,378,4243,12,24236,1428,241,264,25558,48,47289,23653,414229,18903,3212,288718,1680,20553,8481,535,8345,683,392,10924,176,917,96,19709,2607,6549,50,37700,284327,135,104,14320,2370,8541,62,658,514,291,331530,56,4794,7412,1782
1742,2788,21371,964,60,13536,43534,4781,36661,3612,1493,23461,1505,1719,3059,153,1950,33022,503,13955,176,1281,15855,410,281,490,121,306,15128,1521,698,10598,2000,46968,646,335,7746,307,5899,1059,13895,2744,4484,15854,33699,14097,358,3979,12,23965,1317,248,256,26583,45,47318,23514,421874,19626,3229,295697,1624,21440,7945,561,8668,686,399,10775,168,769,93,19222,2685,6774,49,37343,285890,163,103,14585,2738,7773,64,595,503,288,332638,57,4843,7551,1856
1784,2802,22038,918,60,14090,42074,4763,35921,3651,1498,23885,1548,1789,3124,156,1942,32300,525,13564,171,1339,17343,427,277,493,116,276,14809,1534,645,10737,2054,44480,744,321,7467,317,5860,1054,13936,2727,4613,16050,33208,14283,339,3823,12,24584,1385,235,248,26860,43,46368,23967,404850,20224,3231,304235,1620,21172,8170,523,8598,673,335,10560,174,754,95,18799,2777,6758,46,37439,285829,157,105,14872,3372,8997,64,585,501,294,321043,59,4720,7475,1865
1789,2525,22321,870,58,14319,42916,4836,37276,3533,1595,24072,1610,1701,2902,154,2128,34696,514,14190,174,1119,17968,426,279,471,123,289,15042,1523,629,10710,2073,41916,693,352,7201,307,5930,1083,12942,2706,4495,16512,32724,10250,325,4205,12,23645,1409,230,246,26898,45,46037,24799,389448,20342,3177,314575,1616,20547,8262,537,8524,678,356,10286,160,790,92,18754,2921,6605,45,37243,283448,133,99,15244,3824,8321,61,522,489,299,329279,54,4551,7305,1929
1798,2313,22535,857,62,14411,44848,4950,35784,3650,1546,23666,1552,1807,2870,140,2170,32116,512,14239,180,1412,18484,432,264,444,135,234,15397,1466,592,10720,2114,42366,786,369,6891,309,6075,1116,13762,2695,4428,16304,33567,11283,362,4827,12,23540,1382,215,223,27731,44,45530,25152,384680,20848,3203,320592,1724,20207,8122,542,8759,666,351,10731,164,802,97,18884,2928,6615,46,36614,286617,138,103,15579,4355,8309,61,538,513,303,344619,54,4409,7482,1968
1801,2305,23152,846,64,14346,44897,4825,36229,3736,1568,23826,1532,1810,3087,148,2225,34355,539,13862,183,1714,18207,429,264,459,145,240,15318,1532,623,10624,2157,43847,901,367,6328,323,6143,1154,13146,2797,4517,15993,33683,9365,322,5055,12,23182,1340,205,219,27775,42,46594,25398,369990,21628,3196,325632,1811,20561,7660,532,8978,684,343,10676,159,953,94,18741,2880,6647,46,36725,295747,143,103,15889,5060,7712,58,516,516,308,343811,45,4243,7475,1962
1781,2352,23836,831,65,14327,42915,4903,35091,3672,1660,24172,1630,1810,3123,146,2127,32698,528,14351,183,1652,18251,429,260,484,128,231,15146,1553,611,10848,2228,46380,832,352,6150,326,6250,1130,12344,2772,4785,16334,34990,12351,339,5162,11,23853,1322,210,233,28013,43,45887,25885,362240,21939,3187,331943,1892,20159,7978,572,8971,679,364,10782,175,890,97,18848,2696,6783,49,36235,281854,122,106,16033,5554,8623,58,547,518,306,345251,52,4268,7211,1999
1784,2251,24069,786,62,14592,44642,4914,32979,3739,1596,24124,1576,1767,3018,148,2159,32053,571,14576,184,1495,17711,427,262,495,142,201,15201,1545,604,10652,2254,44445,857,341,5845,319,6075,1145,13634,2743,4875,16440,35113,12117,308,4807,11,24835,1329,192,218,28581,46,46018,26264,353169,22565,3139,338034,1895,20479,7881,525,9014,684,350,10528,167,716,94,18981,2641,6747,49,36616,282969,95,102,16474,5710,8806,56,543,506,305,366980,42,4448,7621,1981
1811,2008,24687,797,61,14624,47799,4878,32673,3690,1745,23793,1563,1747,2883,150,2091,34158,593,14400,181,1596,16490,426,267,484,127,270,15699,1518,590,10749,2283,40808,896,347,5832,323,6111,1185,13916,2773,4791,16845,35987,13600,320,4504,11,25517,1301,177,205,28196,46,45993,26292,355080,23151,3195,343669,1830,21141,7335,537,9077,679,359,10368,176,767,97,18519,2498,6738,46,38337,286492,108,100,16673,5591,8958,54,543,519,310,371530,34,4391,7128,2020
1870,1960,25497,750,62,14664,46213,4978,33309,3795,1658,23848,1621,1797,2986,143,2040,31146,591,14812,181,1947,16002,409,263,471,114,278,15735,1576,563,10784,2301,38552,984,345,5840,337,6176,1237,13652,2737,4733,16760,35821,11554,350,4259,11,26746,1300,178,207,28964,43,45828,26440,362021,22749,3059,350073,1852,21165,7316,530,9335,688,326,10577,165,662,91,18391,2410,6439,47,38091,281336,107,93,16871,5650,8132,56,545,504,313,360263,34,4457,7517,2073
1880,2091,25785,747,61,15099,46241,4994,32703,3336,1644,24479,1623,1726,3130,149,1962,33015,549,14988,183,1789,13909,413,259,501,116,261,15398,1609,546,10727,2320,39867,902,336,6050,354,6274,1208,13595,2787,4820,16724,35875,13293,348,3898,11,26790,1220,151,196,29144,43,44656,26975,367544,23338,3124,354268,1952,20423,7661,574,9293,682,345,10472,168,745,97,18456,2342,6535,48,38200,272765,106,97,17108,5599,7686,50,597,529,317,367867,45,4610,7380,2074
1878,2165,26467,731,62,14831,48697,5019,32588,3444,1687,24270,1586,1731,3192,152,2032,31323,565,15215,183,1771,12665,420,257,495,115,303,15495,1592,540,10824,2306,39538,925,349,6112,346,6272,1170,14194,2916,5097,16051,35473,11464,299,3916,11,27223,1182,147,183,28676,41,45287,27464,364019,23252,3081,360488,2086,19338,7568,537,9026,687,317,10812,154,721,90,18414,2380,6546,42,39476,286842,96,95,17537,5630,6713,51,524,521,313,384241,48,4434,7398,2109
1853,2078,27309,710,59,14882,50233,5028,32209,3134,1720,23993,1612,1757,3153,139,1988,29882,553,15390,179,2100,11214,433,264,489,114,279,15942,1643,560,10673,2348,41447,1168,378,6144,351,6259,1259,12700,2804,5175,16463,34839,13603,368,4336,11,27103,1165,147,196,29236,44,45385,27538,364466,22780,3005,367459,2122,19545,7140,552,9209,691,319,10546,171,597,93,18278,2454,6805,42,39942,285636,90,100,17814,5489,7096,51,523,519,310,375734,33,4458,7534,2084
1878,1809,27724,654,58,15368,48175,5007,31357,3401,1552,24192,1640,1737,2971,141,1950,32324,599,15029,180,2191,10205,420,261,492,112,290,15804,1683,542,10831,2319,41347,1131,362,6018,354,6300,1282,13883,2782,5176,17224,33648,12391,316,4871,11,26790,1146,119,183,29623,51,44271,27879,360172,22749,3050,374538,2151,18726,7573,537,9387,684,314,10450,158,754,89,18428,2514,6866,39,39322,288290,107,94,17938,5287,7025,49,519,525,316,377440,28,4455,7290,2171
1901,1911,28203,672,59,15205,47691,5012,31303,3033,1820,24776,1622,1749,3108,140,1983,29211,630,15615,183,1968,8413,424,267,518,125,295,15827,1728,538,10649,2360,35283,1161,318,6075,365,6367,1296,14962,2888,5294,16572,33544,12459,298,5112,11,26417,1148,143,174,29597,45,45085,29166,357021,22551,3096,382262,2105,18616,7585,551,9070,686,291,10734,167,668,92,18159,2419,6864,37,39725,276542,88,89,17973,5269,7985,50,470,536,323,400225,45,4176,7289,2236
1901,2181,29112,696,57,15475,51859,5127,30971,3261,1628,24543,1585,1721,3338,145,2085,31432,598,15467,181,2153,7523,426,275,549,128,272,15793,1735,480,10793,2347,35457,1152,295,6002,354,6526,1283,14286,2911,5354,16604,33687,10391,333,4985,11,26593,1072,124,173,31108,46,45274,29253,347766,21844,3082,391586,2105,19113,7270,587,9054,682,308,10611,152,702,87,18270,2336,6724,38,40675,278077,76,82,18456,5078,6750,48,449,526,330,412010,54,4166,7259,2183
1913,2125,29644,669,58,15834,52439,5031,30147,3216,1891,24122,1668,1853,3382,150,2127,29587,646,15209,184,2188,6560,436,256,530,135,316,15714,1746,511,10611,2361,39959,1146,310,5890,357,6519,1228,13685,2829,5588,16719,35412,10125,313,4613,11,27250,1100,105,179,30300,46,43975,29202,332594,21800,3035,398737,2172,19114,7328,552,9234,693,283,10811,153,706,91,18412,2186,6885,40,40574,279954,82,85,19030,4753,6863,48,488,548,331,396241,45,4214,6998,2312
1877,1893,30055,667,55,15907,50989,5125,29935,3365,1755,24722,1676,1768,3165,138,2340,29335,601,16012,189,1933,5496,422,247,498,123,279,16106,1766,484,10707,2332,42589,1246,329,5902,361,6430,1298,14794,2909,5798,16750,35244,9240,279,4094,11,28017,1066,112,166,31110,44,43959,29923,318263,21343,3069,406694,2266,18964,7424,573,9071,696,273,10578,144,576,85,18534,2241,6854,39,40442,287272,108,87,19207,4562,6023,45,431,528,323,405897,40,4064,7162,2291
1910,1748,30825,658,58,15828,52296,5101,29694,3351,1944,25003,1572,1805,2990,135,2349,31226,608,16116,189,2073,4525,423,256,477,140,232,16386,1789,496,10756,2370,41622,1048,338,5884,372,6456,1338,13988,2873,5999,16585,35557,11055,316,3748,11,29370,1109,107,155,32583,42,43894,30905,319530,20345,3017,414054,2375,19268,7399,551,9074,699,253,10375,159,785,89,18556,2230,6773,42,40500,278509,96,97,19307,4378,6581,42,490,504,321,420949,51,4004,6830,2275
1913,2003,31464,629,55,16079,54494,5159,29533,3268,1754,24622,1646,1850,3279,138,2545,28125,605,15854,188,2109,3575,421,251,493,132,251,16070,1827,461,10719,2379,41090,1124,339,5790,365,6552,1296,12650,2854,6060,17245,36959,11902,260,3985,11,30381,1087,82,151,32260,41,43791,30752,316982,19979,2990,422397,2401,18938,7079,561,9296,687,243,10676,156,646,81,18159,2248,6582,44,40741,298667,93,92,19616,4175,6037,44,478,547,325,419349,59,3965,6726,2409
